source name	characteristics[organism]	characteristics[organism part]	characteristics[cell type]	characteristics[disease]	characteristics[biological replicate]	characteristics[spiked compound]	characteristics[spiked compound]	characteristics[spiked compound]	assay name	technology type	comment[proteomics data acquisition method]	comment[label]	comment[instrument]	comment[cleavage agent details]	comment[fraction identifier]	comment[technical replicate]	comment[data file]	factor value[spiked compound]
Condition_A	homo sapiens	blood plasma	not available	not available	1	CT=mixture;SP=Homo sapiens;QY=98.88888888888889%	CT=mixture;SP=Saccharomyces cerevisiae;QY=0.2222222222222222%	CT=mixture;SP=Escherichia coli;QY=0.8888888888888888%	Condition_A_Sample_Alpha_01	proteomic profiling by mass spectrometry	Data-independent acquisition	label free sample	NT=timsTOF Pro;AC=MS:1003005	NT=Trypsin;AC=MS:1001251	1	1	A9_G_DIA_nLC_tTOF_R1.d	A
Condition_A	homo sapiens	blood plasma	not available	not available	1	CT=mixture;SP=Homo sapiens;QY=98.88888888888889%	CT=mixture;SP=Saccharomyces cerevisiae;QY=0.2222222222222222%	CT=mixture;SP=Escherichia coli;QY=0.8888888888888888%	Condition_A_Sample_Alpha_02	proteomic profiling by mass spectrometry	Data-independent acquisition	label free sample	NT=timsTOF Pro;AC=MS:1003005	NT=Trypsin;AC=MS:1001251	1	2	A9_G_DIA_nLC_tTOF_R2.d	A
Condition_A	homo sapiens	blood plasma	not available	not available	1	CT=mixture;SP=Homo sapiens;QY=98.88888888888889%	CT=mixture;SP=Saccharomyces cerevisiae;QY=0.2222222222222222%	CT=mixture;SP=Escherichia coli;QY=0.8888888888888888%	Condition_A_Sample_Alpha_03	proteomic profiling by mass spectrometry	Data-independent acquisition	label free sample	NT=timsTOF Pro;AC=MS:1003005	NT=Trypsin;AC=MS:1001251	1	3	A9_G_DIA_nLC_tTOF_R3.d	A
Condition_A	homo sapiens	blood plasma	not available	not available	1	CT=mixture;SP=Homo sapiens;QY=98.88888888888889%	CT=mixture;SP=Saccharomyces cerevisiae;QY=0.2222222222222222%	CT=mixture;SP=Escherichia coli;QY=0.8888888888888888%	Condition_A_Sample_Alpha_04	proteomic profiling by mass spectrometry	Data-independent acquisition	label free sample	NT=timsTOF Pro;AC=MS:1003005	NT=Trypsin;AC=MS:1001251	1	4	A9_G_DIA_nLC_tTOF_R4.d	A
Condition_A	homo sapiens	blood plasma	not available	not available	1	CT=mixture;SP=Homo sapiens;QY=98.88888888888889%	CT=mixture;SP=Saccharomyces cerevisiae;QY=0.2222222222222222%	CT=mixture;SP=Escherichia coli;QY=0.8888888888888888%	Condition_A_Sample_Alpha_05	proteomic profiling by mass spectrometry	Data-independent acquisition	label free sample	NT=timsTOF Pro;AC=MS:1003005	NT=Trypsin;AC=MS:1001251	1	5	A9_G_DIA_nLC_tTOF_R5.d	A
Condition_A	homo sapiens	blood plasma	not available	not available	1	CT=mixture;SP=Homo sapiens;QY=98.88888888888889%	CT=mixture;SP=Saccharomyces cerevisiae;QY=0.2222222222222222%	CT=mixture;SP=Escherichia coli;QY=0.8888888888888888%	Condition_A_Sample_Alpha_06	proteomic profiling by mass spectrometry	Data-independent acquisition	label free sample	NT=timsTOF Pro;AC=MS:1003005	NT=Trypsin;AC=MS:1001251	1	6	A9_G_DIA_nLC_tTOF_R6.d	A
Condition_B	homo sapiens	blood plasma	not available	not available	1	CT=mixture;SP=Homo sapiens;QY=98.88888888888889%	CT=mixture;SP=Saccharomyces cerevisiae;QY=0.6666666666666666%	CT=mixture;SP=Escherichia coli;QY=0.4444444444444444%	Condition_B_Sample_Alpha_01	proteomic profiling by mass spectrometry	Data-independent acquisition	label free sample	NT=timsTOF Pro;AC=MS:1003005	NT=Trypsin;AC=MS:1001251	1	1	B9_G_DIA_nLC_tTOF_R1.d	B
Condition_B	homo sapiens	blood plasma	not available	not available	1	CT=mixture;SP=Homo sapiens;QY=98.88888888888889%	CT=mixture;SP=Saccharomyces cerevisiae;QY=0.6666666666666666%	CT=mixture;SP=Escherichia coli;QY=0.4444444444444444%	Condition_B_Sample_Alpha_02	proteomic profiling by mass spectrometry	Data-independent acquisition	label free sample	NT=timsTOF Pro;AC=MS:1003005	NT=Trypsin;AC=MS:1001251	1	2	B9_G_DIA_nLC_tTOF_R2.d	B
Condition_B	homo sapiens	blood plasma	not available	not available	1	CT=mixture;SP=Homo sapiens;QY=98.88888888888889%	CT=mixture;SP=Saccharomyces cerevisiae;QY=0.6666666666666666%	CT=mixture;SP=Escherichia coli;QY=0.4444444444444444%	Condition_B_Sample_Alpha_03	proteomic profiling by mass spectrometry	Data-independent acquisition	label free sample	NT=timsTOF Pro;AC=MS:1003005	NT=Trypsin;AC=MS:1001251	1	3	B9_G_DIA_nLC_tTOF_R3.d	B
Condition_B	homo sapiens	blood plasma	not available	not available	1	CT=mixture;SP=Homo sapiens;QY=98.88888888888889%	CT=mixture;SP=Saccharomyces cerevisiae;QY=0.6666666666666666%	CT=mixture;SP=Escherichia coli;QY=0.4444444444444444%	Condition_B_Sample_Alpha_04	proteomic profiling by mass spectrometry	Data-independent acquisition	label free sample	NT=timsTOF Pro;AC=MS:1003005	NT=Trypsin;AC=MS:1001251	1	4	B9_G_DIA_nLC_tTOF_R4.d	B
Condition_B	homo sapiens	blood plasma	not available	not available	1	CT=mixture;SP=Homo sapiens;QY=98.88888888888889%	CT=mixture;SP=Saccharomyces cerevisiae;QY=0.6666666666666666%	CT=mixture;SP=Escherichia coli;QY=0.4444444444444444%	Condition_B_Sample_Alpha_05	proteomic profiling by mass spectrometry	Data-independent acquisition	label free sample	NT=timsTOF Pro;AC=MS:1003005	NT=Trypsin;AC=MS:1001251	1	5	B9_G_DIA_nLC_tTOF_R5.d	B
Condition_B	homo sapiens	blood plasma	not available	not available	1	CT=mixture;SP=Homo sapiens;QY=98.88888888888889%	CT=mixture;SP=Saccharomyces cerevisiae;QY=0.6666666666666666%	CT=mixture;SP=Escherichia coli;QY=0.4444444444444444%	Condition_B_Sample_Alpha_06	proteomic profiling by mass spectrometry	Data-independent acquisition	label free sample	NT=timsTOF Pro;AC=MS:1003005	NT=Trypsin;AC=MS:1001251	1	6	B9_G_DIA_nLC_tTOF_R6.d	B
